Island,transect,status,cover,rugosity,coral_prod_avg,coral_prod_sites,coral_prod_2.2
Anglaise,T1,low,43.0196484,1.934,10.93630062,6.748934541,6.748934541
Anglaise,T2,low,37.31268731,2.002,8.175225252,6.211788159,6.211788159
Anglaise,T3,low,47.95058956,1.781,11.84080785,6.956338066,6.956338066
Anglaise,T4,low,37.94706724,2.84,12.87981059,8.925240446,8.925240446
Passe,T1,high,29.18781726,1.97,7.038332213,8.894954562,9.803346214
Passe,T2,high,45.27334852,1.756,11.74663562,15.508483,14.33191218
Passe,T3,high,59.60021042,1.901,16.35399006,21.45241112,20.37837787
Passe,T4,high,56.76251331,1.878,14.72033716,19.06985729,19.08704799
